tick,time_s,t_orbit_s,t_orbit_min,theta_rad,theta_deg,in_sun,solar_scale
1,60,60,1,0.0668424,3.82979,1,0.998883
2,120,120,2,0.133685,7.65957,1,0.995539
3,180,180,3,0.200527,11.4894,1,0.989981
