tick,time_s,status,solar_scale,solar_input,output,efficiency
0,0,1,0,0,0,0.3
1,60,1,0.998883,5660.67,1698.2,0.3
2,120,1,0.995539,5641.72,1692.52,0.3
3,180,1,0.989981,5610.22,1683.07,0.3
