tick,time_s,p_front_Torr,p_wake_Torr,p_free_Torr
# Fix print output for fix out
1,0.025,0,0,0
2,0.05,4.32011820526057e-08,4.07333792698372e-14,1.63756216798109e-11
